{
  "parent": "root.json",
  "text": "devils_hole_pupfish.txt",
  "title": "entity.alexsmobs.devils_hole_pupfish",
  "linked_page_buttons": [
  ],
  "images": [
  ],
  "item_renders": [
  ],
  "recipes": [
    {
      "recipe": "alexsmobs:pupfish_locator",
      "shapeless": false,
      "x": 210,
      "y": 50,
      "page": 0,
      "scale": 1.3
    }
  ],
  "tabula_renders": [
  ],
  "entity_renders": [
    {
      "entity": "alexsmobs:devils_hole_pupfish",
      "x": 90,
      "y": 70,
      "page" : 0,
      "scale": 2.25,
      "rot_x": 30,
      "rot_y": 225,
      "rot_z": 0,
      "follow_cursor": false
    }
  ]
}